{
  "acc": 0.71458,
  "bwt": -0.07250000000000002,
  "fwt": 0.011349999999999992,
  "matrix": [
    [
      0.6167,
      0.1309,
      0.1543,
      0.0988,
      0.1373
    ],
    [
      0.6729,
      0.7457,
      0.1112,
      0.1038,
      0.1401
    ],
    [
      0.5539,
      0.7531,
      0.817,
      0.1111,
      0.0954
    ],
    [
      0.4629,
      0.724,
      0.8009,
      0.8388,
      0.0922
    ],
    [
      0.3847,
      0.7444,
      0.8045,
      0.7946,
      0.8447
    ]
  ],
  "method": "delta2_additive",
  "benchmark": "permuted_mnist",
  "tasks": 5,
  "epochs_per_task": 1,
  "seed": 1,
  "duration_seconds": 60.03246879577637
}