{
  "acc": 0.7294,
  "bwt": -0.04759999999999999,
  "fwt": -0.003950000000000006,
  "matrix": [
    [
      0.579,
      0.1188,
      0.1385,
      0.1281,
      0.1117
    ],
    [
      0.6465,
      0.7526,
      0.0875,
      0.0872,
      0.1215
    ],
    [
      0.5608,
      0.7653,
      0.8193,
      0.1038,
      0.0861
    ],
    [
      0.5051,
      0.7285,
      0.8025,
      0.8405,
      0.0741
    ],
    [
      0.4469,
      0.7495,
      0.808,
      0.7966,
      0.846
    ]
  ],
  "method": "delta2_additive",
  "benchmark": "permuted_mnist",
  "tasks": 5,
  "epochs_per_task": 1,
  "seed": 0,
  "duration_seconds": 58.82783818244934
}