{
  "acc": 0.7365,
  "bwt": -0.06739999999999999,
  "fwt": 0.004499999999999994,
  "matrix": [
    [
      0.6605,
      0.1049,
      0.0989,
      0.0387,
      0.1603
    ],
    [
      0.6678,
      0.7847,
      0.1188,
      0.1005,
      0.1635
    ],
    [
      0.548,
      0.7718,
      0.8221,
      0.0981,
      0.112
    ],
    [
      0.4624,
      0.7422,
      0.7969,
      0.8391,
      0.0962
    ],
    [
      0.4616,
      0.7662,
      0.8046,
      0.8044,
      0.8457
    ]
  ],
  "method": "delta2_additive",
  "benchmark": "permuted_mnist",
  "tasks": 5,
  "epochs_per_task": 1,
  "seed": 2,
  "duration_seconds": 60.61839580535889
}