{
  "acc": 0.1642965204236006,
  "bwt": -0.6547257424097167,
  "fwt": -0.1,
  "matrix": [
    [
      0.4799054373522459,
      0.0,
      0.0,
      0.0,
      0.0
    ],
    [
      0.0,
      0.5548481880509305,
      0.0,
      0.0,
      0.0
    ],
    [
      0.0,
      0.0,
      0.6350053361792957,
      0.0,
      0.0
    ],
    [
      0.0,
      0.0,
      0.0,
      0.9491440080563948,
      0.0
    ],
    [
      0.0,
      0.0,
      0.0,
      0.0,
      0.8214826021180031
    ]
  ],
  "method": "delta2_additive",
  "benchmark": "split_mnist",
  "tasks": 5,
  "epochs_per_task": 1,
  "seed": 1,
  "duration_seconds": 9.635775566101074
}