{
  "acc": 0.09823499747856783,
  "bwt": -0.7841984005407181,
  "fwt": -0.1,
  "matrix": [
    [
      0.9697399527186761,
      0.0,
      0.0,
      0.0,
      0.0
    ],
    [
      0.0,
      0.7066601371204702,
      0.0,
      0.0,
      0.0
    ],
    [
      0.0,
      0.0,
      0.8601921024546425,
      0.0,
      0.0
    ],
    [
      0.0,
      0.0,
      0.0,
      0.6002014098690835,
      0.0
    ],
    [
      0.0,
      0.0,
      0.0,
      0.0,
      0.49117498739283916
    ]
  ],
  "method": "delta2_additive",
  "benchmark": "split_mnist",
  "tasks": 5,
  "epochs_per_task": 1,
  "seed": 2,
  "duration_seconds": 9.794958591461182
}