{
  "acc": 0.18325769036812908,
  "bwt": -0.9379692096191956,
  "fwt": -0.1,
  "matrix": [
    [
      0.9995271867612293,
      0.0,
      0.0,
      0.0,
      0.0
    ],
    [
      0.0,
      0.9627815866797258,
      0.0,
      0.0,
      0.0
    ],
    [
      0.0,
      0.0,
      0.8132337246531484,
      0.0,
      0.0
    ],
    [
      0.0,
      0.0,
      0.0,
      0.9763343403826787,
      0.0
    ],
    [
      0.0,
      0.0,
      0.0,
      0.0,
      0.9162884518406454
    ]
  ],
  "method": "sam",
  "benchmark": "split_mnist",
  "tasks": 5,
  "epochs_per_task": 1,
  "seed": 0,
  "duration_seconds": 10.695761442184448
}