{
  "acc": 0.19475542107917296,
  "bwt": -0.9898807999432813,
  "fwt": -0.1,
  "matrix": [
    [
      0.9995271867612293,
      0.0,
      0.0,
      0.0,
      0.0
    ],
    [
      0.0,
      0.9730656219392753,
      0.0,
      0.0,
      0.0
    ],
    [
      0.0,
      0.0,
      0.991462113127001,
      0.0,
      0.0
    ],
    [
      0.0,
      0.0,
      0.0,
      0.9954682779456193,
      0.0
    ],
    [
      0.0,
      0.0,
      0.0,
      0.0,
      0.9737771053958648
    ]
  ],
  "method": "adam",
  "benchmark": "split_mnist",
  "tasks": 5,
  "epochs_per_task": 1,
  "seed": 0,
  "duration_seconds": 9.926526069641113
}