{
  "acc": 0.09876,
  "bwt": 0.0,
  "fwt": -0.001575000000000007,
  "matrix": [
    [
      0.1001,
      0.0967,
      0.0974,
      0.098,
      0.1016
    ],
    [
      0.1001,
      0.0967,
      0.0974,
      0.098,
      0.1016
    ],
    [
      0.1001,
      0.0967,
      0.0974,
      0.098,
      0.1016
    ],
    [
      0.1001,
      0.0967,
      0.0974,
      0.098,
      0.1016
    ],
    [
      0.1001,
      0.0967,
      0.0974,
      0.098,
      0.1016
    ]
  ],
  "method": "delta2",
  "benchmark": "permuted_mnist",
  "tasks": 5,
  "epochs_per_task": 1,
  "seed": 0,
  "duration_seconds": 58.97156047821045
}