{
  "acc": 0.86236,
  "bwt": -0.10747499999999999,
  "fwt": -0.0025750000000000044,
  "matrix": [
    [
      0.9388,
      0.0742,
      0.1137,
      0.1044,
      0.1096
    ],
    [
      0.8944,
      0.9506,
      0.1114,
      0.0991,
      0.1063
    ],
    [
      0.852,
      0.9162,
      0.9556,
      0.1092,
      0.0919
    ],
    [
      0.7908,
      0.889,
      0.912,
      0.9472,
      0.0949
    ],
    [
      0.7183,
      0.8726,
      0.8832,
      0.8882,
      0.9495
    ]
  ],
  "method": "sam",
  "benchmark": "permuted_mnist",
  "tasks": 5,
  "epochs_per_task": 1,
  "seed": 0,
  "duration_seconds": 62.0995819568634
}