{
  "acc": 0.09257683215130023,
  "bwt": 0.0,
  "fwt": -0.1,
  "matrix": [
    [
      0.4628841607565012,
      0.0,
      0.0,
      0.0,
      0.0
    ],
    [
      0.4628841607565012,
      0.0,
      0.0,
      0.0,
      0.0
    ],
    [
      0.4628841607565012,
      0.0,
      0.0,
      0.0,
      0.0
    ],
    [
      0.4628841607565012,
      0.0,
      0.0,
      0.0,
      0.0
    ],
    [
      0.4628841607565012,
      0.0,
      0.0,
      0.0,
      0.0
    ]
  ],
  "method": "delta2",
  "benchmark": "split_mnist",
  "tasks": 5,
  "epochs_per_task": 1,
  "seed": 0,
  "duration_seconds": 10.239655494689941
}