{
  "acc": 0.8114917604608349,
  "bwt": -0.2173072076902063,
  "fwt": -0.1,
  "matrix": [
    [
      0.9995271867612293,
      0.0,
      0.0,
      0.0,
      0.0
    ],
    [
      0.4851063829787234,
      0.9779627815866797,
      0.0,
      0.0,
      0.0
    ],
    [
      0.4222222222222222,
      0.013222331047992164,
      0.9930629669156884,
      0.0,
      0.0
    ],
    [
      0.0,
      0.0,
      0.5181430096051227,
      0.9949647532729103,
      0.0
    ],
    [
      0.9810874704491725,
      0.7551420176297747,
      0.7774813233724653,
      0.5825780463242699,
      0.9611699445284921
    ]
  ],
  "method": "gem",
  "benchmark": "split_mnist",
  "tasks": 5,
  "epochs_per_task": 1,
  "seed": 0,
  "duration_seconds": 11.198833703994751
}