{
  "acc": 0.86624,
  "bwt": -0.1058,
  "fwt": -0.004875000000000004,
  "matrix": [
    [
      0.9402,
      0.0752,
      0.1092,
      0.0973,
      0.0997
    ],
    [
      0.8881,
      0.9525,
      0.101,
      0.1077,
      0.0868
    ],
    [
      0.8678,
      0.9249,
      0.9547,
      0.102,
      0.0902
    ],
    [
      0.7576,
      0.8714,
      0.9357,
      0.9516,
      0.1023
    ],
    [
      0.7058,
      0.8516,
      0.899,
      0.9194,
      0.9554
    ]
  ],
  "method": "adam",
  "benchmark": "permuted_mnist",
  "tasks": 5,
  "epochs_per_task": 1,
  "seed": 0,
  "duration_seconds": 63.941662549972534
}