{
  "acc": 0.19981087470449171,
  "bwt": -0.00011820330969267157,
  "fwt": -0.1,
  "matrix": [
    [
      0.9995271867612293,
      0.0,
      0.0,
      0.0,
      0.0
    ],
    [
      0.9995271867612293,
      0.0,
      0.0,
      0.0,
      0.0
    ],
    [
      0.9990543735224586,
      0.0,
      0.0,
      0.0,
      0.0
    ],
    [
      0.9985815602836879,
      0.0,
      0.0,
      0.0,
      0.0
    ],
    [
      0.9990543735224586,
      0.0,
      0.0,
      0.0,
      0.0
    ]
  ],
  "method": "controller",
  "benchmark": "split_mnist",
  "tasks": 5,
  "epochs_per_task": 1,
  "seed": 0,
  "duration_seconds": 10.455818891525269,
  "controller_stats": {
    "total_steps": 471,
    "adam_steps": 93,
    "delta2_steps": 378,
    "adam_fraction": 0.19745222929936307,
    "delta2_fraction": 0.802547770700637,
    "last_decision": {
      "used_optimizer": "delta2",
      "signal_value": 1.3323934057673479,
      "reason": "loss spike (deviation=1.332)"
    }
  }
}