{
  "acc": 0.85358,
  "bwt": -0.11904999999999999,
  "fwt": -0.005450000000000007,
  "matrix": [
    [
      0.9402,
      0.0752,
      0.1092,
      0.0973,
      0.0997
    ],
    [
      0.9015,
      0.9493,
      0.0977,
      0.0984,
      0.0989
    ],
    [
      0.8729,
      0.9132,
      0.9498,
      0.0991,
      0.0951
    ],
    [
      0.7867,
      0.892,
      0.9391,
      0.9508,
      0.1062
    ],
    [
      0.7114,
      0.8095,
      0.9161,
      0.8769,
      0.954
    ]
  ],
  "method": "ewc",
  "benchmark": "permuted_mnist",
  "tasks": 5,
  "epochs_per_task": 1,
  "seed": 0,
  "duration_seconds": 77.16604852676392
}