{
  "acc": 0.93514,
  "bwt": -0.017025000000000012,
  "fwt": -0.008725000000000004,
  "matrix": [
    [
      0.9402,
      0.0752,
      0.1092,
      0.0973,
      0.0997
    ],
    [
      0.9286,
      0.9482,
      0.098,
      0.0942,
      0.0926
    ],
    [
      0.9144,
      0.9399,
      0.9497,
      0.0876,
      0.0878
    ],
    [
      0.9133,
      0.9366,
      0.9454,
      0.9521,
      0.1043
    ],
    [
      0.9079,
      0.9309,
      0.9375,
      0.9458,
      0.9536
    ]
  ],
  "method": "gem",
  "benchmark": "permuted_mnist",
  "tasks": 5,
  "epochs_per_task": 1,
  "seed": 0,
  "duration_seconds": 66.55257296562195
}