{
  "acc": 0.19465456379223398,
  "bwt": -0.9896180621157212,
  "fwt": -0.1,
  "matrix": [
    [
      0.9995271867612293,
      0.0,
      0.0,
      0.0,
      0.0
    ],
    [
      0.0,
      0.9735553379040157,
      0.0,
      0.0,
      0.0
    ],
    [
      0.0,
      0.0,
      0.9909284951974386,
      0.0,
      0.0
    ],
    [
      0.0,
      0.0,
      0.0,
      0.9944612286002014,
      0.0
    ],
    [
      0.0,
      0.0,
      0.0,
      0.0,
      0.9732728189611699
    ]
  ],
  "method": "ewc",
  "benchmark": "split_mnist",
  "tasks": 5,
  "epochs_per_task": 1,
  "seed": 0,
  "duration_seconds": 15.395216703414917
}