{
  "acc": 0.17562,
  "bwt": 0.032924999999999996,
  "fwt": 0.007224999999999995,
  "matrix": [
    [
      0.128,
      0.0931,
      0.0966,
      0.1013,
      0.1027
    ],
    [
      0.1334,
      0.1149,
      0.0995,
      0.1079,
      0.1031
    ],
    [
      0.1481,
      0.1224,
      0.1336,
      0.125,
      0.105
    ],
    [
      0.1697,
      0.1347,
      0.1537,
      0.196,
      0.1113
    ],
    [
      0.184,
      0.1448,
      0.1712,
      0.2042,
      0.1739
    ]
  ],
  "method": "delta2_additive",
  "benchmark": "permuted_mnist",
  "tasks": 5,
  "epochs_per_task": 1,
  "seed": 0,
  "duration_seconds": 61.383368492126465
}