{
  "acc": 0.09823499747856783,
  "bwt": -0.7571178083266294,
  "fwt": -0.1,
  "matrix": [
    [
      0.6747044917257683,
      0.0,
      0.0,
      0.0,
      0.0
    ],
    [
      0.017966903073286054,
      0.5083251714005876,
      0.0,
      0.0,
      0.0
    ],
    [
      0.0,
      0.0,
      0.8932764140875133,
      0.0,
      0.0
    ],
    [
      0.0,
      0.0,
      0.0,
      0.9521651560926485,
      0.0
    ],
    [
      0.0,
      0.0,
      0.0,
      0.0,
      0.49117498739283916
    ]
  ],
  "method": "delta2_additive",
  "benchmark": "split_mnist",
  "tasks": 5,
  "epochs_per_task": 1,
  "seed": 0,
  "duration_seconds": 10.058197498321533
}