{
  "acc": 0.09314420803782505,
  "bwt": 0.0005910165484633578,
  "fwt": -0.1,
  "matrix": [
    [
      0.46335697399527187,
      0.0,
      0.0,
      0.0,
      0.0
    ],
    [
      0.46430260047281324,
      0.0,
      0.0,
      0.0,
      0.0
    ],
    [
      0.46761229314420805,
      0.0,
      0.0,
      0.0,
      0.0
    ],
    [
      0.46335697399527187,
      0.0,
      0.0,
      0.0,
      0.0
    ],
    [
      0.4657210401891253,
      0.0,
      0.0,
      0.0,
      0.0
    ]
  ],
  "method": "delta2_additive",
  "benchmark": "split_mnist",
  "tasks": 5,
  "epochs_per_task": 1,
  "seed": 0,
  "duration_seconds": 10.34142804145813
}